,fili,form_lib_voe_acc,fil_lib_voe_acc,sum(voe_tot)
0,IFSI,D.E secteur sanitaire,D.E Infirmier,1391246
1,Ecole d'Ingénieur,Formations  des écoles d'ingénieurs,Formation d'ingénieur Bac + 5,626037
2,PASS,Licence - Sciences - technologies - santé,Parcours d'Accès Spécifique Santé (PASS),512607
3,Licence,Licence - Droit-économie-gestion,Droit,321999
4,BTS,BTS - Services,Management Commercial Opérationnel,291727
5,DUT,DUT - Service,Techniques de commercialisation,214800
6,DUT,DUT - Service,Gestion des entreprises et des administrations,205799
7,CPGE,Classe préparatoire scientifique,MPSI,198311
8,BTS,BTS - Services,Négociation et digitalisation de la Relation Client,193432
9,CPGE,Classe préparatoire scientifique,PCSI,183942
10,BTS,BTS - Services,Comptabilité et gestion,171637
11,Licence,Licence - Sciences humaines et sociales,Psychologie,170867
12,Licence,Licence - Droit-économie-gestion,Economie et gestion,166708
13,BTS,BTS - Services,Commerce international à référentiel européen,153505
14,BTS,BTS - Services,Gestion de la PME,146866
15,Licence,Licence - Arts-lettres-langues,"Langues, littératures & civilisations étrangères et régionales",144490
16,Licence,Licence - Arts-lettres-langues,Langues étrangères appliquées,138825
17,Licence,Licence - Sciences - technologies - santé,Sciences et Techniques des Activités Physiques et Sportives,132060
18,BTS,BTS - Services,Support à l'action managériale,113335
19,Licence,Licence - Sciences humaines et sociales,Histoire,94246
20,Licence,Licence - Sciences - technologies - santé,Sciences de la vie,93813
21,BTS,BTS - Services,Communication,89450
22,BTS,BTS - Services,Services informatiques aux organisations,89144
23,Licence,Licence - Droit-économie-gestion,Administration économique et sociale,84979
24,Autre formation,Sciences politiques,Sciences Po / Instituts d'études politiques - Sciences Humaines et Sociales - Grade Master,83725
25,Licence,Licence - Sciences - technologies - santé,Mathématiques,83715
26,CPGE,Classe préparatoire économique et commerciale,ECS - Option scientifique,80906
27,Ecole de Commerce,Formation des écoles de commerce et de management,Formation des écoles de commerce et de management Bac + 5,80529
28,BTS,BTS - Services,Economie sociale familiale,80092
29,CPGE,Classe préparatoire scientifique,BCPST,79991
30,DUT,DUT - Production,Informatique,77543
31,BTS,BTS - Services,Tourisme,74432
32,BTS,BTS - Services,Professions immobilières,68018
33,CPGE,Classe préparatoire économique et commerciale,ECE - Option économique,67451
34,BTS,BTS - Production,Systèmes numériques - Option informatique et réseaux,64315
35,BTS,BTS - Services,Service et prestation des secteurs sanitaire et social,62988
36,Licence_Las,Licence - Sciences humaines et sociales,Psychologie,62012
37,Licence,Licence - Arts-lettres-langues,Lettres,60411
38,DUT,DUT - Production,Génie mécanique et productique,59677
39,Licence_Las,Licence - Sciences - technologies - santé,Sciences de la vie,58365
40,CPGE,Classe préparatoire littéraire,Lettres,55756
41,Autre formation,DCG,Diplôme de Comptabilité et de Gestion,54792
42,Autre formation,D.E secteur sanitaire,Certificat de capacité d'Orthophoniste,52507
43,DUT,DUT - Production,Génie électrique et informatique industrielle,50358
44,Licence,Licence - Sciences - technologies - santé,Chimie,49220
45,BTS,BTS - Services,Banque conseiller de clientèle,49141
46,Licence,Licence - Sciences - technologies - santé,Informatique,48992
47,Ecole de Commerce,Formation des écoles de commerce et de management,Formation des écoles de commerce et de management Bac + 4,48030
48,Licence,Licence - Sciences humaines et sociales,Sociologie,46012
49,Licence,Licence - Sciences - technologies - santé,Sciences et technologies,44234
50,DUT,DUT - Production,Métiers du multimédia et de l'internet,43943
51,BTS,BTS - Production,Technico-commercial (BTS),43828
52,DUT,DUT - Production,Génie civil - Construction durable,42241
53,Autre formation,Formations Bac + 5,Architecture,41773
54,DUT,DUT - Production,Génie biologique Option analyses biologiques et biochimiques,41619
55,Licence,Licence - Sciences humaines et sociales,Information et communication,40816
56,Licence,Licence - Droit-économie-gestion,Gestion,40594
57,Licence_Las,Licence - Sciences - technologies - santé,Sciences et Techniques des Activités Physiques et Sportives,40351
58,BTS,BTS - Production,Electrotechnique,40198
59,BTS,BTS - Services,Analyses de biologie médicale,39746
60,Licence,Licence - Sciences humaines et sociales,Sciences de l'éducation,39497
61,Licence,Licence - Droit-économie-gestion,Economie,39128
62,Licence_Las,Licence - Droit-économie-gestion,Droit,38905
63,Licence,Licence - Sciences - technologies - santé,Sciences de la vie et de la terre,37753
64,CPGE,Classe préparatoire scientifique,PTSI,37350
65,DUT,DUT - Production,Mesures physiques,36544
66,Autre formation,DN MADE,Graphisme,36295
67,BTS,BTS - Services,Assurance,34384
68,Licence,Licence - Sciences humaines et sociales,Sciences et Techniques des Activités Physiques et Sportives,33088
69,EFTS,D.E secteur social,D.E Educateur Spécialisé,32909
70,Licence_Las,Licence - Sciences - technologies - santé,Chimie,32428
71,BTS,BTS - Services,Diététique,31450
72,CPGE,Classe préparatoire littéraire,B/L - Lettres et sciences sociales,30764
73,Licence,Licence - Droit-économie-gestion,Science politique,30748
74,Licence,Licence - Sciences humaines et sociales,Géographie et aménagement,29794
75,Licence_Las,Licence - Sciences - technologies - santé,Sciences pour la santé,29573
76,DUT,DUT - Service,Carrières juridiques,29401
77,Licence,Licence - Sciences - technologies - santé,Physique,29397
78,Licence,Licence - Arts-lettres-langues,Arts du spectacle,27955
79,BTS,BTS - Production,Bioanalyses et contrôles,27691
80,Ecole de Commerce,Formation des écoles de commerce et de management,Formation des écoles de commerce et de management Bac + 3,27523
81,BTS,BTS - Services,Notariat,27090
82,Autre formation,DN MADE,Espace,26650
83,Licence,Licence - Sciences humaines et sociales,Philosophie,26633
84,BTS,BTS - Production,Systèmes numériques - Option électronique et communication,26630
85,DUT,DUT - Production,Chimie,25905
86,Licence,Licence - Arts-lettres-langues,Arts,25415
87,DUT,DUT - Service,Information communication Option communication des organisations,24364
88,DUT,DUT - Service,Gestion administrative et commerciale des organisations,23642
89,Licence,Licence - Sciences humaines et sociales,Histoire de l'art et archéologie,23463
90,Licence_Las,Licence - Sciences - technologies - santé,Sciences et technologies,22785
91,BTS,BTS - Production,Maintenance des systèmes - option A Systèmes de production,22121
92,BTS,BTS - Production,Conception et Réalisation de Systèmes Automatiques,21851
93,Licence,Licence - STAPS,Sciences et Techniques des Activités Physiques et Sportives,21788
94,BTS,BTS - Services,Gestion des transports et logistique associée,21737
95,Licence,Licence - Sciences - technologies - santé,Sciences pour l'ingénieur,21398
96,Licence_Las,Licence - Sciences - technologies - santé,Sciences de la vie et de la terre,21281
97,BTS,BTS - Services,Métiers de l'esthétique-cosmétique-parfumerie,21186
98,Licence,Licence - Sciences - technologies - santé,"Physique, chimie",20730
99,DUT,DUT - Production,Réseaux et télécommunications,19622
100,Autre formation,Formation valant grade de licence,Formation valant grade de licence,19442
101,BTS,BTS - Services,Management en hôtellerie restauration,18786
102,BTS,BTS - Production,Conception de produits industriels,18725
103,DUT,DUT - Production,Génie biologique Option industries agroalimentaires et biologiques,18679
104,BTS,BTS - Production,Bâtiment,18648
105,Licence_Las,Licence - Droit-économie-gestion,Economie et gestion,18626
106,Licence,Licence - Sciences humaines et sociales,Sciences sociales,18515
107,Autre formation,D.E secteur sanitaire,DTS Imagerie médicale et radiologie thérapeutique,18162
108,Licence,Licence - Arts-lettres-langues,Arts plastiques,18020
109,BTS,BTS - Agricole,Gestion et protection de la nature,17927
110,EFTS,D.E secteur social,D.E Educateur de Jeunes Enfants,17793
111,BTS,BTS - Agricole,"Analyse, conduite et stratégie de l'entreprise agricole",17220
112,Autre formation,DN MADE,Objet,16418
113,Licence,Licence - Sciences - technologies - santé,Mathématiques et informatique appliquées aux sciences humaines et sociales,15859
114,DUT,DUT - Production,Génie biologique Option génie de l'environnement,15506
115,Licence,Licence - Droit-économie-gestion,Administration et Echanges internationaux,15325
116,BTS,BTS - Services,Métiers de l'audio-visuel opt : montage et post-production,15156
117,Autre formation,Mise à niveau,Hôtellerie restauration,15120
118,Autre formation,D.E secteur sanitaire,D.E manipulateur/trice en électroradiologie médicale,14193
119,BTS,BTS - Services,Opticien-Lunetier,14029
120,Licence,Licence - Sciences humaines et sociales,Administration économique et sociale,13814
121,BTS,BTS - Production,Métiers de la mode-vêtements,13680
122,DUT,DUT - Production,Génie thermique et énergie,13539
123,CPGE,Classe préparatoire économique et commerciale,ENS Rennes D1,13291
124,BTS,BTS - Services,Métiers de l'audio-visuel opt : métiers du son,13186
125,Autre formation,D.E secteur sanitaire,D.E Psychomotricien,13174
126,DUT,DUT - Service,Gestion logistique et transport,13064
127,BTS,BTS - Services,Métiers de l'audio-visuel opt : métiers de l'image,13041
128,DUT,DUT - Production,Génie industriel et maintenance,12781
129,DUT,DUT - Production,Génie biologique Option diététique,12778
130,EFTS,D.E secteur social,D.E Assistant de Service Social,12623
131,DUT,DUT - Service,Carrières sociales Option animation sociale et socio-culturelle,12552
132,BTS,BTS - Production,Conception des processus de réalisation de produits (1ère année commune),12487
133,Licence_Las,Licence - Sciences humaines et sociales,Sciences et Techniques des Activités Physiques et Sportives,12471
134,BTS,BTS - Production,Biotechnologie,12442
135,DUT,DUT - Production,Hygiène Sécurité Environnement,12177
136,Licence,Licence - Sciences - technologies - santé,Sciences de la terre,12141
137,Licence_Las,Licence - Sciences - technologies - santé,Mathématiques,12040
138,Licence,Licence - Sciences humaines et sociales,Sciences du langage,11934
139,BTS,BTS - Production,Métiers de la chimie,11807
140,Licence,Licence - Sciences - technologies - santé,Sciences pour la santé,11570
141,Licence,Licence - Arts-lettres-langues,Musicologie,11443
142,CPGE,Classe préparatoire économique et commerciale,ECT - Option technologique,11403
143,CPGE,Classe préparatoire scientifique,TSI,11376
144,Licence,Licence - Arts-lettres-langues,Information et communication,11062
145,BTS,BTS - Production,Aéronautique,10885
146,Autre formation,DN MADE,Mode,10809
147,BTS,BTS - Production,Etude et économie de la construction,10691
148,DUT,DUT - Production,Génie biologique Option agronomie,10617
149,BTS,BTS - Agricole,Technico-commercial (BTSA),10573
150,BTS,BTS - Agricole,Aménagements paysagers,10489
151,DUT,DUT - Service,Statistique et informatique décisionnelle,10231
152,Autre formation,D.E secteur sanitaire,Certificat de capacité d'Orthoptiste,10037
153,BTS,BTS - Agricole,productions animales,9865
154,Licence,Licence - Arts-lettres-langues,Cinéma et Audiovisuel,9798
155,BTS,BTS - Production,Maintenance des véhicules option voitures particulières,9768
156,BTS,BTS - Production,Travaux publics,9650
157,BTS,BTS - Production,Etude et réalisation d'agencement,9373
158,Autre formation,Année préparatoire,Année préparatoire,8983
159,DUT,DUT - Production,Génie chimique génie des procédés,8891
160,DUT,DUT - Service,Information communication Option publicité,8836
161,BTS,BTS - Agricole,Analyses agricoles biologiques et biotechnologiques,8832
162,DUT,DUT - Production,"Qualité, logistique industrielle et organisation",8636
163,CPGE,Classe préparatoire économique et commerciale,ENS Cachan D2,8610
164,BTS,BTS - Services,Métiers de l'audio-visuel opt : gestion de la production,8408
165,Autre formation,D.E secteur sanitaire,D.E Ergothérapeute,8315
166,Licence_Las,Licence - STAPS,Sciences et Techniques des Activités Physiques et Sportives,8304
167,Autre formation,DN MADE,Événement,8187
168,Licence,Licence - Arts-lettres-langues,Sciences du langage,8037
169,Licence_Las,Licence - Sciences - technologies - santé,Physique,8034
170,DUT,DUT - Production,Science et génie des matériaux,7959
171,Licence,Licence - Sciences humaines et sociales,"Sciences de l'Homme, Anthropologie, Ethnologie",7868
172,Licence,Licence - Arts-lettres-langues,Humanités,7749
173,BTS,BTS - Production,"Fluide, énergie, domotique - option C domotique et bâtiment communicants",7730
174,BTS,BTS - Production,Assistance technique d'ingénieur,7581
175,Autre formation,BPJEPS,Activités physiques pour tous,7557
176,BTS,BTS - Production,"Fluide, énergie, domotique - option A génie climatique et fluidique",7387
177,BTS,BTS - Production,Contrôle industriel et régulation automatique,7227
178,BTS,BTS - Services,Etudes de réalisation d'un projet de communication - 1ère année commune,7208
179,BTS,BTS - Agricole,Agronomie : Productions végétales,7196
180,Autre formation,Formation des écoles supérieure d'art,Formation des écoles supérieure d'art Bac + 3,7045
181,Autre formation,Diplôme d'Université,Diplôme d'Université,6933
182,DUT,DUT - Service,Carrières sociales Option assistance sociale,6890
183,Autre formation,DN MADE,Animation,6641
184,DUT,DUT - Service,Information communication Option information numérique dans les organisations,6630
185,Licence,Licence - Sciences - technologies - santé,Sciences biomédicales,6593
186,DUT,DUT - Service,Carrières sociales Option éducation spécialisée,6550
187,BTS,BTS - Production,Conception et industrialisation en microtechniques,6281
188,Licence,Licence - Arts-lettres-langues,Cinéma,6200
189,Autre formation,DEUST,"Animation et gestion des activités physiques, sportives ou culturelles",6161
190,BTS,BTS - Agricole,"Développement, animation des territoires ruraux",5952
191,Licence_Las,Licence - Sciences - technologies - santé,Sciences biomédicales,5898
192,Licence,Licence - Arts-lettres-langues,Histoire de l'art et archéologie,5737
193,Licence,Licence - Sciences humaines et sociales,Science politique,5709
194,BTS,BTS - Services,Métiers de l'audio-visuel opt : techn. d'ingeniérie et exploit. équipements,5661
195,BTS,BTS - Production,"Fluide, énergie, domotique - option B froid et conditionnement d'air",5391
196,BTS,BTS - Production,Métiers du géomètre-topographe et de la modélisation numérique,5366
197,Autre formation,Mention complémentaire,Animation-gestion de projets dans le secteur sportif,5359
198,Licence,Licence - Arts-lettres-langues,Etudes théâtrales,5349
199,Licence_Las,Licence - Sciences - technologies - santé,Informatique,5226
200,Licence,Licence - Sciences - technologies - santé,"Chimie, Sciences de la vie",5223
201,DUT,DUT - Service,Information communication Option métiers du livre et du patrimoine,5173
202,Licence,Licence - Sciences - technologies - santé,Sciences sanitaires et sociales,5146
203,Autre formation,DN MADE,Numérique,5060
204,BTS,BTS - Agricole,Gestion et maitrise de l'eau,5051
205,Autre formation,D.E secteur sanitaire,D.E Audioprothésiste,4982
206,BTS,BTS - Agricole,Sciences et technologies des aliments spécialité Aliments et processus technologiques,4866
207,Autre formation,DN MADE,Matériaux,4811
208,BTS,BTS - Production,Systèmes constructifs bois et habitat,4781
209,DUT,DUT - Service,Carrières sociales Option gestion urbaine,4756
210,BTS,BTS - Agricole,Gestion forestière,4689
211,BTS,BTS - Services,Photographie,4638
212,BTS,BTS - Production,Conception et réalisation en chaudronnerie industrielle,4606
213,Licence_Las,Licence - Sciences - technologies - santé,"Physique, chimie",4559
214,Licence_Las,Licence - Arts-lettres-langues,"Langues, littératures & civilisations étrangères et régionales",4421
215,Licence,Licence - Sciences humaines et sociales,Humanités,4322
216,Licence,Licence - Droit-économie-gestion,Sciences sociales,4072
217,Licence_Las,Licence - Sciences - technologies - santé,Sciences sanitaires et sociales,4057
218,Licence_Las,Licence - Sciences humaines et sociales,Histoire,4012
219,Autre formation,D.E secteur sanitaire,D.E Pédicure-Podologue,4005
220,DUT,DUT - Service,Information communication Option journalisme,3816
221,Autre formation,C.M.I - Cursus Master en Ingénierie,Informatique,3804
222,Licence,Licence - Droit-économie-gestion,Droit français - Droit étranger,3765
223,BTS,BTS - Services,Métiers des Services à l'environnement,3652
224,Licence_Las,Licence - Droit-économie-gestion,Economie,3650
225,DUT,DUT - Service,Carrières sociales Option services à la personne,3639
226,Licence_Las,Licence - Droit-économie-gestion,Administration économique et sociale,3514
227,BTS,BTS - Production,Métiers de l'eau,3494
228,Autre formation,DN MADE,Spectacle,3473
229,Autre formation,Diplôme d'Etablissement,Diplôme d'Etablissement,3442
230,BTS,BTS - Agricole,Production horticole,3415
231,BTS,BTS - Production,Développement et Réalisation Bois,3375
232,BTS,BTS - Services,Prothésiste orthésiste,3365
233,BTS,BTS - Agricole,Viticulture-Oenologie,3350
234,Licence,Licence - Sciences - technologies - santé,Génie civil,3259
235,BTS,BTS - Production,Bioqualité,3112
236,BTS,BTS - Services,Prothésiste dentaire,3088
237,BTS,BTS - Production,Maintenance des systèmes - option B Systèmes énergétiques et fluidiques,3078
238,Autre formation,Classe préparatoire aux études supérieures,CPES - Arts,3045
239,BTS,BTS - Production,Enveloppe des bâtiments : conception et réalisation,3007
240,Autre formation,DEUST,Métiers de la forme,2970
241,BTS,BTS - Production,Architectures en Métal : conception et Réalisation,2929
242,Licence,Licence - Sciences humaines et sociales,Mathématiques et informatique appliquées aux sciences humaines et sociales,2882
243,Autre formation,Mention complémentaire,Accueil réception,2784
244,Autre formation,BPJEPS,Activités de la forme,2740
245,BTS,BTS - Production,Techniques physiques pour l'industrie et le laboratoire,2613
246,Autre formation,C.M.I - Cursus Master en Ingénierie,Sciences pour l'ingénieur,2436
247,Licence_Las,Licence - Arts-lettres-langues,Lettres,2411
248,BTS,BTS - Production,Systèmes photoniques,2383
249,Ecole d'Ingénieur,Formations  des écoles d'ingénieurs,Formation Bac + 3,2362
250,BTS,BTS - Production,Moteur à combustion interne,2275
251,Autre formation,C.M.I - Cursus Master en Ingénierie,Physique,2244
252,CPGE,Classe préparatoire scientifique,TB,2231
253,Licence_Las,Licence - Sciences humaines et sociales,Philosophie,2196
254,Autre formation,C.M.I - Cursus Master en Ingénierie,Sciences de la vie,2100
255,CPGE,Classe préparatoire scientifique,Ecole normale supérieure Paris Saclay ? arts et design,2077
256,Licence,Licence - Sciences - technologies - santé,"Mathématiques, Physique et Sciences pour l'Ingénieur",2039
257,CPGE,Classe préparatoire économique et commerciale,Option économique - Prépa St Cyr,2006
258,Licence_Las,Licence - Sciences humaines et sociales,Sociologie,1985
259,Licence,Licence - Sciences humaines et sociales,Sciences sanitaires et sociales,1979
260,Autre formation,C.M.I - Cursus Master en Ingénierie,Chimie,1936
261,BTS,BTS - Production,Traitement des matériaux,1906
262,Licence_Las,Licence - Sciences humaines et sociales,Sciences sociales,1871
263,Autre formation,Formation des écoles supérieure d'art,Formation des écoles supérieure d'art Bac + 5,1840
264,BTS,BTS - Agricole,génie des équipements agricoles,1808
265,EFTS,D.E secteur social,D.E Educateur Technique Spécialisé,1772
266,Licence,Licence - Arts-lettres-langues,Philosophie,1735
267,Licence,Licence - Droit-économie-gestion,Administration publique,1729
268,Licence_Las,Licence - Sciences - technologies - santé,Sciences pour l'ingénieur,1729
269,Autre formation,Diplôme National d'Art,Diplôme National d'Art,1719
270,Autre formation,Formation des écoles supérieures de cuisine,Formation des écoles supérieures de cuisine Bac +3,1666
271,Licence,Licence - Arts-lettres-langues,Etudes culturelles,1634
272,Autre formation,Classe préparatoire aux études supérieures,CPES - Scientifique,1631
273,Licence,Licence - Sciences - technologies - santé,Mécanique,1622
274,Autre formation,Formations Bac + 5,Bicursus Architecture Ingénieur,1566
275,Autre formation,CPES,Cycle pluridisciplinaire d'Études Supérieures - SESJ,1561
276,BTS,BTS - Services,Management opérationnel de la sécurité,1551
277,Licence_Las,Licence - Arts-lettres-langues,Langues étrangères appliquées,1528
278,Autre formation,BPJEPS,Activités aquatiques et de la natation,1506
279,Autre formation,C.M.I - Cursus Master en Ingénierie,Mécanique,1466
280,Autre formation,DN MADE,Livre,1465
281,Licence,Licence - Arts-lettres-langues,"Lettres, langues",1443
282,Autre formation,Formations Bac + 3,"Archéologie, histoire de l'art, anthropologie",1429
283,Licence,Licence - Sciences - technologies - santé,"Informatique, Sciences de la vie",1427
284,Autre formation,Diplôme National d'Art,Diplôme National d'Art option art,1424
285,BTS,BTS - Agricole,Aquaculture,1411
286,Autre formation,"CUPGE - Sciences, technologie, santé",Cycle Universitaire Préparatoire aux Grandes Ecoles,1401
287,Autre formation,C.M.I - Cursus Master en Ingénierie,"Electronique, énergie électrique, automatique",1396
288,Autre formation,"CUPGE - Sciences, technologie, santé",Cycle universitaire préparatoire aux grandes écoles,1394
289,Licence_Las,Licence - Sciences - technologies - santé,Mécanique,1390
290,BTS,BTS - Production,Maintenance des systèmes - option C Systèmes éoliens,1372
291,Licence,Licence - Sciences - technologies - santé,"Electronique, énergie électrique, automatique",1372
292,DUT,DUT - Production,"Packaging, emballage et conditionnement",1364
293,Licence,Licence - Droit-économie-gestion,"Droit, Economie",1345
294,BTS,BTS - Production,Aménagement finition,1295
295,BTS,BTS - Production,Métiers de la mode-chaussure et maroquinerie,1266
296,Autre formation,CPES,Cycle pluridisciplinaire d'Études Supérieures - Sciences,1252
297,Autre formation,D.E secteur sanitaire,D.E Technicien de Laboratoire Médical,1241
298,BTS,BTS - Production,Conception et réalisation de carrosseries,1232
299,BTS,BTS - Production,Maintenance des véhicules option véhicules de transport routier,1229
300,Licence_Las,Licence - Sciences humaines et sociales,Sciences du langage,1196
301,Autre formation,C.M.I - Cursus Master en Ingénierie,Sciences de la vie et de la terre,1181
302,Autre formation,Mention complémentaire,"Technicien ascensoriste, service et modernisation",1152
303,Autre formation,C.M.I - Cursus Master en Ingénierie,Economie et gestion,1146
304,Autre formation,Mention complémentaire,Technicien(ne) en soudage,1144
305,Licence_Las,Licence - Sciences humaines et sociales,Santé et société,1127
306,BTS,BTS - Production,Pilotage des procédés,1125
307,CPGE,Classe préparatoire littéraire,Option lettres et sciences humaines (St Cyr),1120
308,Licence_Las,Licence - Sciences - technologies - santé,Mathématiques et informatique appliquées aux sciences humaines et sociales,1079
309,Licence,Licence - Arts-lettres-langues,Histoire des Arts,1079
310,Licence_Las,Licence - Sciences - technologies - santé,Sciences de la terre,1076
311,BTS,BTS - Production,Environnement nucléaire,1068
312,Autre formation,"CUPGE - Sciences, technologie, santé",Cursus préparatoire aux concours des grandes écoles d'ingénieurs,1063
313,Licence,Licence - Droit-économie-gestion,Sciences sanitaires et sociales,1056
314,Autre formation,DEUST,"Animation, commercialisation des services sportifs",1049
315,Licence_Las,Licence - Sciences humaines et sociales,Mathématiques et informatique appliquées aux sciences humaines et sociales,1043
316,Licence,Licence - Sciences - technologies - santé,"Informatique, Mathématiques",1024
317,BTS,BTS - Production,Maintenance des véhicules option motocycles,986
318,Autre formation,CPES,Cycle pluridisciplinaire d'Études Supérieures - Humanités,982
319,Autre formation,Formations Bac + 5,Paysage,965
320,Licence_Las,Licence - Arts-lettres-langues,Humanités,956
321,Autre formation,BPJEPS,Activités sports collectifs,952
322,Licence,Licence - Arts-lettres-langues,Etudes européennes et internationales,952
323,BTS,BTS - Production,Maintenance des matériels de construction et de manutention,950
324,CPGE,Classe préparatoire littéraire,Ecole nationale des Chartes,942
325,Licence,Licence - Droit-économie-gestion / Arts-lettres-langues,Droit,924
326,Autre formation,DEUST,"Animation et gestion des activités sportives, physiques ou culturelles, parcours activités de pleine nature",911
327,Licence_Las,Licence - Droit-économie-gestion,Science politique,907
328,BTS,BTS - Production,Techniques et services en matériels agricoles,872
329,BTS,BTS - Production,Europlastics et composites à référentiel commun européen - option Conception d'Outillage,871
330,Licence_Las,Licence - Droit-économie-gestion,Gestion,863
331,BTS,BTS - Production,Europlastics et composites à référentiel commun européen - option Pilotage et Optimisation de la production,831
332,Licence,Licence - Sciences - technologies - santé,"Economie, Mathématiques",827
333,Autre formation,CUPGE - Droit-économie-gestion,"Préparation aux concours des écoles de commerce, Parcours Economie- Finance",818
334,Autre formation,DN MADE,Innovation sociale,805
335,Licence,Licence - Sciences - technologies - santé,"Informatique, Management",804
336,Licence,Licence - STAPS,"STAPS, Sciences pour l'ingénieur",799
337,BTS,BTS - Services,Métiers de la coiffure,793
338,BTS,BTS - Agricole,Sciences et technologies des aliments spécialité Produits laitiers,787
339,Autre formation,C.M.I - Cursus Master en Ingénierie,Sciences de la terre,783
340,Autre formation,C.M.I - Cursus Master en Ingénierie,Sciences et Techniques des Activités Physiques et Sportives,775
341,Licence_Las,Licence - Sciences humaines et sociales,Histoire de l'art et archéologie,774
342,Autre formation,Mention complémentaire,Services financiers,768
343,Autre formation,Mention complémentaire,Aéronautique option avions à moteur à turbines,767
344,Autre formation,CUPGE - Droit-économie-gestion,"Préparation aux concours des écoles de commerce, Parcours Gestion",760
345,Autre formation,Mention complémentaire,Technicien en énergies renouvelables (option énergie électrique),750
346,Autre formation,Mention complémentaire,Accueil dans transports,731
347,Autre formation,DEUST,Intervention Sociale,719
348,Autre formation,C.M.I - Cursus Master en Ingénierie,Mathématiques,716
349,Licence,Licence - Sciences - technologies - santé,Sciences de la Terre et Sciences Physiques,701
350,Licence_Las,Licence - Sciences humaines et sociales,Géographie et aménagement,695
351,Licence,Licence - Sciences - technologies - santé,"Mathématiques, Sciences de la vie",678
352,Autre formation,"CUPGE - Sciences, technologie, santé",Parcours mathématiques-physique,676
353,Licence_Las,Licence - Droit-économie-gestion,Sciences sanitaires et sociales,669
354,Autre formation,"CUPGE - Sciences, technologie, santé",Cycle Universitaire Préparatoire aux Grandes Ecoles - Physique et Mathématiques,664
355,Licence,Licence - Sciences - technologies - santé,Sciences de la Terre et environnement,659
356,Autre formation,Mention complémentaire,FCIL Secrétariat Médico Social,637
357,Licence,Licence - Sciences - technologies - santé,"Mathématiques, physique, chimie, informatique",637
358,Autre formation,Mention complémentaire,FCIL secrétariat médical,634
359,BTS,BTS - Production,Fonderie,624
360,BTS,BTS - Services,Edition,617
361,Autre formation,"CUPGE - Sciences, technologie, santé",Mathématique - Préparation aux écoles d'ingénieurs,600
362,Autre formation,"CUPGE - Sciences, technologie, santé",Cycle Universitaire Préparatoire aux Grandes Ecoles - Mathématiques et Physique,598
363,Licence,Licence - Sciences - technologies - santé,Mathématiques et applications,595
364,Autre formation,Année préparatoire,Année préparatoire à l'École Nationale de la Marine Marchande - Officier 1ère classe,591
365,Licence,Licence - Sciences humaines et sociales,Théologie,581
366,Autre formation,Formation professionnelle,Assistant ingénieur en biologie-biochimie - biotechnologies (bac +3),581
367,CPGE,Classe préparatoire scientifique,TPC,577
368,Autre formation,DEUST,Bureautique et multimédia,575
369,Licence_Las,Licence - Sciences - technologies - santé,"Droit, Sciences et Innovation",572
370,Licence,Licence - Droit-économie-gestion,"Droit, Informatique",568
371,Licence,Licence - Sciences humaines et sociales,Santé et société,554
372,Autre formation,"CUPGE - Sciences, technologie, santé",Sciences de la Vie et de la Terre : préparation aux concours B Agro et Véto (Sites Saint Charles),553
373,Licence_Las,Licence - Sciences humaines et sociales,Sciences sanitaires et sociales,540
374,Autre formation,CUPGE - Droit-économie-gestion,Cycle Universitaire Préparatoire aux Grandes Écoles de commerce,531
375,BTS,BTS - Production,Conception et industrialisation en construction navale,530
376,Autre formation,"CUPGE - Sciences, technologie, santé",Parcours scientifique renforcé,520
377,Autre formation,DEUST,Santé environnement : Techniques de laboratoire,520
378,Autre formation,"CUPGE - Sciences, technologie, santé",Parcours physique-chimie,518
379,Licence,Licence - Droit-économie-gestion / Sciences - technologies - santé,Mathématiques,515
380,Autre formation,"CUPGE - Sciences, technologie, santé",Classe Préparatoire Universitaire Mathématiques - Physique - Informatique,489
381,Autre formation,C.M.I - Cursus Master en Ingénierie,Géographie et aménagement,487
382,Licence,Licence - Arts-lettres-langues / Sciences humaines et sociales,Sciences du langage,482
383,Autre formation,Mention complémentaire,Assistance Conseil Vente à distance,482
384,DUT,DUT - Production,Génie biologique Option bio-informatique,465
385,Autre formation,C.M.I - Cursus Master en Ingénierie,Génie civil,461
386,Autre formation,C.M.I - Cursus Master en Ingénierie,Economie,455
387,Licence_Las,Licence - Arts-lettres-langues,Musicologie,439
388,Autre formation,CUPGE - Sciences humaines et sociales,Cycle préparatoire aux concours des Instituts d'Etudes Politiques de régions (Val de Seine),437
389,Autre formation,DEUST,Webmaster et gestionnaire d'intranet,429
390,Licence,Licence - Droit-économie-gestion / Sciences humaines et sociales,Droit,426
391,Autre formation,DEUST,"Médiations citoyennes : éducation, culture, social, environnement",424
392,BTS,BTS - Agricole,Développement de l'agriculture des régions chaudes,423
393,Autre formation,C.M.I - Cursus Master en Ingénierie,"Physique, chimie",412
394,Licence,Licence - Arts-lettres-langues / Sciences humaines et sociales,Lettres,404
395,DUT,DUT - Service,Gestion administrative et commerciale des organisations - Arts,402
396,Autre formation,"CUPGE - Sciences, technologie, santé",Cycle préparatoire ingénieur technologies de l'information,394
397,BTS,BTS - Services,Podo-orthésiste,389
398,Autre formation,DEUST,Assistant juridique,389
399,Autre formation,CUPGE - Sciences humaines et sociales,Cycle préparatoire aux concours des Instituts d'Etudes Politiques de régions (Camille Saint Saëns),372
400,Licence_Las,Licence - Sciences humaines et sociales,Sciences de l'éducation,372
401,Autre formation,Mention complémentaire,FCIL Secrétaire juridique,369
402,Licence,Licence - Sciences humaines et sociales,Histoire / Anglais,366
403,Licence_Las,Licence - Sciences humaines et sociales,"Sciences de l'Homme, Anthropologie, Ethnologie",360
404,Autre formation,"CUPGE - Sciences, technologie, santé",Classe Préparatoire Universitaire - Physique - Chimie,358
405,Autre formation,Classe préparatoire aux études supérieures,CPES - Littéraire,352
406,Autre formation,DEUST,"Pratique et gestion des activités physiques, sportives et de loisirs pour les publics séniors",349
407,Autre formation,Diplôme National d'Art,"Diplôme National d'Art option design, mention design graphique et interactivité",344
408,Autre formation,DEUST,Métiers de la cohésion sociale,343
409,Autre formation,DN MADE,Ornement,343
410,Autre formation,DEUST,Accueil d'excellence en tourisme,326
411,Autre formation,DEUST,Informatique d'Organisation des Systèmes d'Information,322
412,Autre formation,Classe préparatoire aux études supérieures,CPES - Générale,319
413,Autre formation,C.M.I - Cursus Master en Ingénierie,Sciences pour la santé,317
414,Licence_Las,Licence - Sciences humaines et sociales,Information et communication,316
415,DUT,DUT - Production,Science et génie des matériaux - arts appliqués,316
416,Licence,Licence - Arts-lettres-langues,Lettres / Anglais,314
417,Licence,Licence - Sciences humaines et sociales,Histoire / Géographie,310
418,Autre formation,Diplôme National d'Art,Diplôme National d'Art option design,307
419,Autre formation,DEUST,Activités physiques et sportives et inadaptations sociales,306
420,Autre formation,DEUST,"Animation et gestion des activités sportives, physiques ou culturelles, parcours activités aquatiques",300
421,Licence,Licence - Arts-lettres-langues,Lettres / Histoire,294
422,Autre formation,Mention complémentaire,Aéronautique option hélicoptère moteur à turbines,291
423,BTS,BTS - Production,Géologie appliquée,287
424,Autre formation,DEUST,Technicien de la mer et du littoral,285
425,Autre formation,Mention complémentaire,Organisateur de réception,281
426,Autre formation,Cadre Technique,Cadre technique génie de l'environnement marin,280
427,Licence,Licence - Sciences - technologies - santé,Frontières du vivant,279
428,Autre formation,"CUPGE - Sciences, technologie, santé",Cycle universitaire préparatoire aux grandes écoles - Physique,273
429,Autre formation,"CUPGE - Sciences, technologie, santé",cycle préparatoire ingénieur (matériaux),270
430,Autre formation,DEUST,"Activités physiques et sportives adaptées : déficiences intellectuelles, troubles psychiques",266
431,BTS,BTS - Maritime,Pêche et gestion de l'environnement marin,265
432,Autre formation,DN MADE,Patrimoine,263
433,Licence,Licence - Sciences - technologies - santé,Sciences et Humanités,262
434,Autre formation,Mention complémentaire,FCIL Adjoint des cadres sanitaires et sociaux - Secrétariat médico-social,260
435,Licence,Licence - Sciences - technologies - santé,Acoustique et Vibrations,259
436,DUT,DUT - Service,Techniques de commercialisation - Formation trinationale franco-germano-suisse IBM,257
437,Autre formation,DEUST,Formation de base aux métiers du théâtre,257
438,Licence_Las,Licence - Sciences - technologies - santé,Génie civil,256
439,Autre formation,Mention complémentaire,Mécatronique navale,255
440,Autre formation,Formation professionnelle,Gestionnaire d'unité commerciale (option généraliste / option spécialisée) (bac +2),251
441,Autre formation,Mention complémentaire,"Assistant ingénieur en biologie, biochimie, biotechnologie",250
442,Autre formation,"CUPGE - Sciences, technologie, santé","Cycle universitaire préparatoire aux grandes écoles - Parcours Informatique, Mathématiques",248
443,BTS,BTS - Production,Conception de processus de découpe et d'emboutissage,248
444,Autre formation,"CUPGE - Sciences, technologie, santé",Cycle universitaire préparatoire aux grandes écoles - Parcours Sciences pour l'ingénieur,247
445,BTS,BTS - Agricole,Gestion et protection de la nature / DE d'alpinisme-accompagnateur en moyenne montagne,244
446,Autre formation,Mention complémentaire,FCIL Interprétation Données Digitales,238
447,Autre formation,DEUST,"Production, contrôles et qualité des produits de santé",238
448,Licence_Las,Licence - Sciences - technologies - santé,"Electronique, énergie électrique, automatique",237
449,Autre formation,C.M.I - Cursus Master en Ingénierie,Langues étrangères appliquées,236
450,Autre formation,DEUST,Technologies de l'organisation dans les professions de santé,236
451,Licence_Las,Licence - Arts-lettres-langues,Sciences du langage,234
452,Autre formation,Mention complémentaire,FCIL Technicien polyvalent dans les systèmes audiovisuels professionnels,232
453,Autre formation,DEUST,"Animation et gestion des activités sportives, physiques ou culturelles, parcours animation",232
454,Autre formation,Mention complémentaire,Technicien(ne) en tuyauterie,226
455,Autre formation,DEUST,Bâtiment et Construction,225
456,Licence_Las,Licence - Arts-lettres-langues,Philosophie,225
457,Autre formation,Mention complémentaire,FCIL Visual Merchandising,225
458,Autre formation,Classe préparatoire aux études supérieures,CPES - Sciences économiques,225
459,Autre formation,"CUPGE - Sciences, technologie, santé","Cycle préparatoire Physique Chimie, parcours renforcé",220
460,Autre formation,Mention complémentaire,FCIL Formation graphisme et communication visuelle,218
461,Autre formation,Mention complémentaire,Technicien en chaudronnerie aéronautique et spatiale,217
462,Autre formation,"CUPGE - Sciences, technologie, santé",Prep'ISIMA,215
463,Autre formation,Formation professionnelle,Techniciens Spécialisés de la Construction,214
464,Autre formation,Mention complémentaire,FCIL préparation aux concours de la sécurité publique et civile,209
465,Autre formation,CUPGE - Droit-économie-gestion,Droit et Culture Juridique - Classe Préparatoire (Prépa D1),208
466,Licence,Licence - Sciences humaines et sociales,Théologie Catholique,206
467,Autre formation,DEUST,Analyse des milieux biologiques,205
468,Autre formation,Mention complémentaire,Technicien en énergies renouvelables (option thermique),200
469,Autre formation,Formation professionnelle,Manager en Biotechnologies (bac +5),197
470,Licence,Licence - Arts-lettres-langues,Anglais / Langue asiatique,196
471,Licence,Licence - Sciences humaines et sociales / Sciences - technologies - santé,Sciences pour l'ingénieur,192
472,Autre formation,Diplôme d'établissement,Paysagiste concepteur,192
473,Autre formation,DEUST,Métiers des bibliothèques et de la documentation,191
474,Autre formation,Mention complémentaire,Aéronautique - option avionique,191
475,Autre formation,DEUST,"Métiers de l'animation sociale, socio-éducative et socio-culturelle",182
476,Autre formation,Mention complémentaire,Maintenance des installations oléohydrauliques et pneumatiques,180
477,Autre formation,DEUST,"Maintenance hôtelière, hospitalière et immobilière",166
478,Autre formation,C.M.I - Cursus Master en Ingénierie,Information et communication,163
479,BTS,BTS - Production,Innovations textiles - Option A : Structures,161
480,Autre formation,Formation professionnelle,Chargé de projet en aménagement durable du territoire (bac +2),160
481,Autre formation,Mention complémentaire,FCIL Gestion dossier retraite prévoyance et santé,159
482,DUT,DUT - Production,Génie civil Trinational,152
483,Autre formation,Diplôme d'Université,Diplôme d'Etablissement,151
484,Licence,Licence - Arts-lettres-langues,Lettres / Sciences du langage,150
485,Autre formation,Mention complémentaire,Vendeur spécialisé en produits techniques pour l'habitat,149
486,Autre formation,BPJEPS,Basket-ball,148
487,BTS,BTS - Production,Innovations textiles - Option B : Traitements,148
488,Autre formation,Cadre Technique,Cadre technique production et valorisation des ressources marines,148
489,Autre formation,"CUPGE - Sciences, technologie, santé",Sciences pour l'ingénieur,147
490,Licence_Las,Licence - Arts-lettres-langues,Pluridisciplinaire,143
491,Autre formation,Mention complémentaire,Technicien en réseau électrique,143
492,DUT,DUT - Service,Techniques de commercialisation - Formation franco-allemande en gestion touristique TEC2TOUR,142
493,Autre formation,DEUST,Métiers du livre,138
494,DUT,DUT - Production,Génie mécanique et productique trinational,136
495,Autre formation,Formation professionnelle,Géomètre-Géomaticien (bac +2),120
496,Autre formation,Mention complémentaire,FCIL Formation aux compétences numériques de la vente dans l'entreprise,119
497,BTS,BTS - Agricole,Sciences et technologies des aliments spécialité Viandes et produits de la pêche,115
498,Autre formation,CUPGE - Arts Lettres Langues,Cycle Préparatoire Lettres  - Licence renforcée,115
499,Licence,Licence - Sciences humaines et sociales,Théologie Protestante,113
500,Autre formation,"CUPGE - Sciences, technologie, santé",Cycle Universitaire de Préparation aux Grandes Ecoles Scientifiques,112
501,Autre formation,C.M.I - Cursus Master en Ingénierie,Acoustique et Vibrations,111
502,Autre formation,DEUST,"Animation et gestion des activités sportives, physiques ou culturelles, parcours agent de développement de club sportif",110
503,Autre formation,Mention complémentaire,FCIL Mécanique de compétition - préparation moteurs,109
504,Autre formation,Mention complémentaire,FCIL Techniques spécifiques Couture et Luxe,109
505,Licence,Licence - Sciences humaines et sociales,Musicologie,107
506,Autre formation,DN MADE,Instrument,107
507,Autre formation,Mention complémentaire,Maquettes et prototypes,107
508,Autre formation,BPJEPS,Judo-Jujitsu,107
509,Autre formation,Mention complémentaire,"FCIL Assistant gestion site web et communication numérique multimédia, à destination des clients et des usagers",106
510,Autre formation,Mise à niveau,Classe de mise à niveau au BTS Maritime Pêche et Gestion de l'Environnement Marin,106
511,Autre formation,Mention complémentaire,FCIL Technicien de systèmes de sécurité et d'incendie,103
512,Autre formation,Mention complémentaire,Aéronautique option avions à moteur à pistons,103
513,Autre formation,Mention complémentaire,FCIL E-Commerce,102
514,Autre formation,Mention complémentaire,FCIL Technicien réseaux très haut débit fibre optique,102
515,Autre formation,C.M.I - Cursus Master en Ingénierie,Sciences et technologies,101
516,Autre formation,Mention complémentaire,FCIL Art et Couture,101
517,BTS,BTS - Maritime,Maintenance des systèmes électro-navals,100
518,BTS,BTS - Production,Forge,100
519,Autre formation,Mention complémentaire,FCIL Maroquinerie / Gainerie / Sellerie de luxe,100
520,Autre formation,Mention complémentaire,FCIL Métiers de Laboratoire,97
521,Autre formation,Mention complémentaire,FCIL Technicien(ne) réseaux et services numériques,97
522,Autre formation,Formations Bac + 5,Conservation-restauration des biens culturels,93
523,Autre formation,Formation professionnelle,"Animateur qualité, sécurité, santé au travail et environnement (bac +3)",92
524,Autre formation,Mention complémentaire,"FCIL Commerce international des vins, spiritueux et oenotourisme",91
525,Autre formation,Mention complémentaire,FCIL DAide déclarant en douane,91
526,Autre formation,Mention complémentaire,FCIL Son et éclairage en spectacle vivant,90
527,Licence,Licence - Droit-économie-gestion / Sciences humaines et sociales,Histoire,88
528,Autre formation,Mention complémentaire,FCIL Multimédia,87
529,Autre formation,C.M.I - Cursus Master en Ingénierie,Histoire,81
530,Autre formation,Mention complémentaire,FCIL Technicien sur centre d'usinage bois 3 et 5 axes - Concepteur sur modeleur 3D,80
531,DUT,DUT - Production,Génie électrique et informatique industrielle - Trinational,76
532,Autre formation,Formation professionnelle,Responsable technique en bâtiment et travaux publics (bac +2),76
533,BTS,BTS - Production,Industries céramiques,76
534,Autre formation,Mention complémentaire,FCIL Contrôle Technique,76
535,Autre formation,Mention complémentaire,FCIL Hydro - esthétique,75
536,Autre formation,Mention complémentaire,FCIL administration de projets dans le secteur du tourisme,73
537,Autre formation,Mention complémentaire,FCIL Mécanicien en compétition automobile - Option monoplace,72
538,Licence,Licence - Sciences humaines et sociales,Histoire / Allemand,71
539,Autre formation,Mention complémentaire,FCIL Scénographie de la communication,71
540,Autre formation,Mise à niveau,Mise à niveau pour l'accès au BTS MASEN,68
541,Autre formation,DEJEPS,Vélo tout terrain,66
542,Licence,Licence - Arts-lettres-langues,Pluridisciplinaire,64
543,Autre formation,Mention complémentaire,FCIL Assistant(e) gouvernant,64
544,BTS,BTS - Agricole,Sciences et technologies des aliments spécialité Produits céréaliers,64
545,Autre formation,Mention complémentaire,FCIL Tourneur fraiseur sur machines conventionnelles,59
546,Autre formation,Mention complémentaire,FCIL Préparation aux concours de la fonction publique concernant les métiers de la sécurité,55
547,Autre formation,Mention complémentaire,FCIL Chef de rang à la française - Relais & Chateaux,52
548,Autre formation,Mention complémentaire,"FCIL Crémier-fromager : territoire, art culinaire et vins de champagne",51
549,Autre formation,Mention complémentaire,FCIL Articles Techniques-Vêtements outdoor,51
550,Autre formation,Formation professionnelle,Technicien Supérieur du transport aérien et maritime de marchandises (bac +2),50
551,Autre formation,Mention complémentaire,FCIL Technicienn(ne) de maintenance des nouvelles technologies automobiles,49
552,Autre formation,Mention complémentaire,FCIL Conseiller commercial en automobile,47
553,Autre formation,Mention complémentaire,FCIL Maintenance Milieu Nucléaire,46
554,Autre formation,BPJEPS,Voile multi-supports jusqu'à 6 miles nautique d'un abri,46
555,Autre formation,Mention complémentaire,FCIL Négociation commerciale et digitale dans l'industrie,45
556,Autre formation,Mention complémentaire,FCIL Electricien du spectacle,44
557,Autre formation,Année préparatoire,Année préparatoire à l'École Nationale de la Marine Marchande - Officier machine,44
558,Autre formation,Mention complémentaire,FCIL CAO - DAO du bâtiment,43
559,Autre formation,Mention complémentaire,FCIL Prototypiste Mécanicien(ne) Modèle,41
560,Autre formation,Mention complémentaire,FCIL Concierge d'Hôtel,41
561,Autre formation,Mention complémentaire,FCIL Technico-commercial en équipement de la maison et du multimédia,39
562,Autre formation,Mention complémentaire,FCIL Electromobilité,39
563,Autre formation,Mention complémentaire,FCIL Chef de rang,39
564,Autre formation,Mention complémentaire,FCIL Responsable d'exécution de travaux de réhabilitation : reprise et rénovation d'ouvrage de Gros ?uvre,38
565,Autre formation,Mention complémentaire,FCIL Domotique appliquée à la santé / gestion technique de bâtiment,37
566,Autre formation,Mention complémentaire,FCIL Technicien motoriste option Mécanique Hors Bord,36
567,Autre formation,Mention complémentaire,FCIL Lutherie des instruments à cordes pincées,34
568,Autre formation,Mention complémentaire,FCIL Secrétariat Assistant Médico-Social,33
569,Autre formation,Mention complémentaire,Peinture décoration,32
570,Autre formation,Mention complémentaire,FCIL agent hydrothermal,32
571,Autre formation,Mention complémentaire,"""FCIL Agent de maitrise de """"métré bois""""""",31
572,Autre formation,Mention complémentaire,FCIL Esquisse,31
573,Autre formation,Mention complémentaire,FCIL Mécanicien circuit auto,30
574,Autre formation,Mention complémentaire,FCIL technicien d'usinage 5 axes,29
575,Autre formation,Mention complémentaire,FCIL Technicien motoriste option Mécanique In Bord,28
576,Autre formation,Mention complémentaire,FCIL Fibre optique,28
577,Autre formation,Mention complémentaire,FCIL Peinture Aeronautique,27
578,Autre formation,Mention complémentaire,FCIL Technicien de maintenance et exploitation énergies nouvelles,27
579,Autre formation,DEJEPS,Escalade en milieu naturel,26
580,Autre formation,Mention complémentaire,FCIL Ecole européenne du goût et art de la table,25
581,Autre formation,Mention complémentaire,FCIL Service aux personnes en environnement numérique,25
582,Autre formation,Mention complémentaire,FCIL Projeteur/euse Building Information Modeling (BIM),24
583,Autre formation,Mention complémentaire,FCIL BARISTA,23
584,Autre formation,Mention complémentaire,FCIL maintenance équipements audiovisuels et électroménager,23
585,Autre formation,Mention complémentaire,FCIL Restauration Meubles Anciens,22
586,Autre formation,Mention complémentaire,FCIL Sommellerie,22
587,Autre formation,Formation professionnelle,Technicien supérieur de maintenance et d'exploitation en climatique (bac +2),21
588,Autre formation,Diplôme National d'Art,"Diplôme National d'Art option art, mention conservation-restauration des biens culturels",21
589,Autre formation,Mention complémentaire,FCIL Technicien de maintenance et de déploiement numérique,20
590,Autre formation,Formation professionnelle,Technicien(ne) supérieur(e) en maintenance industrielle (bac +2),20
591,Autre formation,Mention complémentaire,FCIL Ouvrier voilier polyvalent,19
592,Autre formation,Mention complémentaire,FCIL Technicien de la Transition Energétique du Bâtiment,18
593,Autre formation,BPJEPS,Canoë-Kayak,17
594,Autre formation,Mention complémentaire,Agent de contrôle non destructif,16
595,Autre formation,Mention complémentaire,FCIL Méthodes et pratiques en construction durable pour le bâtiment,15
596,Autre formation,DEJEPS,Judo-Jujitsu,14
597,Autre formation,Mention complémentaire,FCIL Maintenance de 1er niveau des véhicules routiers,14
598,Autre formation,Mention complémentaire,FCIL Maintenance de l'usine du futur,13
599,Autre formation,Mention complémentaire,FCIL usinage adaptation à l'emploi,12
600,Autre formation,Formation professionnelle,Titre professionnel Manager d'Unité Marchande (bac +2),11
601,Autre formation,Mention complémentaire,FCIL Robotique,11
602,Autre formation,Mention complémentaire,FCIL Smart Home,11
603,Autre formation,Mention complémentaire,Technicien des services à l'énergie,9
604,Autre formation,Mention complémentaire,FCIL Nivoculteur,9
605,Autre formation,Mention complémentaire,FCIL 2020 - CAES - Option Services,4
606,Autre formation,Mention complémentaire,FCIL 2020 - CAES - Option Production,3
607,Autre formation,Mention complémentaire,FCIL Technicien sur Lignes de Productions Industrielles,3
608,Autre formation,Formation professionnelle,Technicien Supérieur du transport terrestre de marchandises (bac +2),2
609,Autre formation,Mention complémentaire,Dispositif SAS - Préparation à l'apprentissage,0
610,Autre formation,Diplôme d'Université,Diplôme d'Université CAES,0
611,Autre formation,Mention complémentaire,FCIL classe passerelle BTS,0
612,Autre formation,Mention complémentaire,"FCIL Administrateur réseau, infrastructure et système numérique",0
613,Autre formation,Mention complémentaire,FCIL classe passerelle BTS option service,0
614,Autre formation,Mention complémentaire,FCIL classe passerelle BTS option production,0
